n1.id,n1.index,n1.lat,n1.lon,n2.id,n2.index,n2.lat,n2.lon
Txy_Z2_003,59,40.0739307,116.5844146,Gate_02_253,41,40.0749791,116.5844754
Txy_Z2_003,59,40.0739307,116.5844146,Gate_02_252,36,40.0750776,116.5850896
Txy_Z2_003,59,40.0739307,116.5844146,Gate_02_254,38,40.0749032,116.5837136
Txy_E0_G,310,40.0554339,116.602484,Txy_Y1_G,321,40.0762182,116.5992345
Txy_Y1_H,0,40.0762945,116.6003637,Txy_Y1_001,39,40.0759415,116.601855
Txy_Y1_001,39,40.0759415,116.601855,Txy_Y1_002,58,40.0755698,116.6025631
Txy_Y1_003,61,40.0751922,116.6029401,Txy_Y1_002,58,40.0755698,116.6025631
Txy_Y1_004,62,40.0747128,116.6031864,Txy_Y1_003,61,40.0751922,116.6029401
Txy_Y1_004,62,40.0747128,116.6031864,Txy_Y1_005,63,40.0741367,116.6033474
Txy_Y1_005,63,40.0741367,116.6033474,Txy_Y1_006,64,40.0733404,116.6034976
Txy_Y1_006,64,40.0733404,116.6034976,Txy_Y1_007,65,40.0726097,116.6036156
Txy_Y1_007,65,40.0726097,116.6036156,Txy_Y1_008,66,40.0719836,116.6036968
Txy_Y1_008,66,40.0719836,116.6036968,Txy_Y1_009,67,40.0713748,116.6038165
Txy_Y1_010,68,40.0706346,116.6039147,Txy_Y1_009,67,40.0713748,116.6038165
Txy_Y1_011,69,40.0699696,116.6040113,Txy_Y1_010,68,40.0706346,116.6039147
Txy_Y1_011,69,40.0699696,116.6040113,Txy_Y1_T4,70,40.0688082,116.6041578
Txy_Y1_T4,70,40.0688082,116.6041578,Txy_Y1_T3,71,40.0679379,116.604308
Txy_Y1_T3,71,40.0679379,116.604308,Txy_Y1_012,72,40.0669913,116.604472
Txy_Y1_013,73,40.0662852,116.6045364,Txy_Y1_012,72,40.0669913,116.604472
Txy_Y1_014,74,40.0656037,116.6046651,Txy_Y1_013,73,40.0662852,116.6045364
Txy_Y1_015,75,40.064955,116.6047831,Txy_Y1_014,74,40.0656037,116.6046651
Txy_Y1_015,75,40.064955,116.6047831,Txy_Y1_016,76,40.0643885,116.6048636
Txy_Y1_017,77,40.0636002,116.6049923,Txy_Y1_016,76,40.0643885,116.6048636
Txy_Y1_T2,78,40.0628462,116.6051062,Txy_Y1_017,77,40.0636002,116.6049923
Txy_Y1_T2,78,40.0628462,116.6051062,Txy_Y1_T1,79,40.0619759,116.6052349
Txy_Y1_T1,79,40.0619759,116.6052349,Txy_Y1_018,80,40.061112,116.6054088
Txy_Y1_019,81,40.0602662,116.605516,Txy_Y1_018,80,40.061112,116.6054088
Txy_Y1_020,82,40.0595764,116.6056019,Txy_Y1_019,81,40.0602662,116.605516
Txy_Y1_021,83,40.0588867,116.6057413,Txy_Y1_020,82,40.0595764,116.6056019
Txy_Y1_022,84,40.0584782,116.6058244,Txy_Y1_021,83,40.0588867,116.6057413
Txy_Y1_022,84,40.0584782,116.6058244,Txy_Y1_023,85,40.0576653,116.6059639
Txy_Y1_024,86,40.0567932,116.606086,Txy_Y1_023,85,40.0576653,116.6059639
Txy_Y1_025,87,40.055822,116.6060645,Txy_Y1_024,86,40.0567932,116.606086
Txy_Y1_025,87,40.055822,116.6060645,Txy_Y1_026,88,40.0553267,116.6058772
Txy_Y1_027,89,40.0549736,116.6055767,Txy_Y1_026,88,40.0553267,116.6058772
Txy_Y1_028,90,40.0545537,116.6050296,Txy_Y1_027,89,40.0549736,116.6055767
Txy_Y1_029,91,40.0541659,116.6043597,Txy_Y1_028,90,40.0545537,116.6050296
Txy_Y1_G,321,40.0762182,116.5992345,Txy_Y1_029,91,40.0541659,116.6043597
Txy_Y1_001,39,40.0759415,116.601855,Gate_03_525,93,40.0771949,116.6016617
Txy_Y1_001,39,40.0759415,116.601855,Gate_03_526,94,40.076906,116.6024751
Txy_Y1_002,58,40.0755698,116.6025631,Gate_03_526,94,40.076906,116.6024751
Txy_Y1_003,61,40.0751922,116.6029401,Gate_03_528,96,40.0758039,116.6042024
Txy_Y1_004,62,40.0747128,116.6031864,Gate_03_529,97,40.0751409,116.6046932
Txy_Y1_005,63,40.0741367,116.6033474,Gate_03_530,98,40.0743035,116.6049668
Txy_Y1_006,64,40.0733404,116.6034976,Gate_03_531,99,40.073499,116.6051036
Txy_Y1_007,65,40.0726097,116.6036156,Gate_03_532,100,40.0727416,116.6051251
Txy_Y1_008,66,40.0719836,116.6036968,Gate_03_533,101,40.0721197,116.6052538
Txy_Y1_009,67,40.0713748,116.6038165,Gate_03_534,102,40.0715676,116.6052967
Txy_Y1_008,66,40.0719836,116.6036968,Gate_03_554,108,40.0716544,116.6024295
Txy_Y1_010,68,40.0706346,116.6039147,Gate_03_535,103,40.0708307,116.6053745
Txy_Y1_010,68,40.0706346,116.6039147,Gate_03_553,107,40.070624,116.6025555
Txy_Y1_011,69,40.0699696,116.6040113,Gate_03_536,104,40.0700918,116.6055596
Txy_Y1_011,69,40.0699696,116.6040113,Gate_03_552,106,40.070061,116.6026119
Txy_Y1_011,69,40.0699696,116.6040113,Gate_03_551,105,40.0695191,116.6027942
Txy_Y1_012,72,40.0669913,116.604472,Gate_03_408,109,40.0670995,116.6060114
Txy_Y1_013,73,40.0662852,116.6045364,Gate_03_409,110,40.0664324,116.6060865
Txy_Y1_014,74,40.0656037,116.6046651,Gate_03_410,111,40.0657571,116.6062099
Txy_Y1_015,75,40.064955,116.6047831,Gate_03_411,112,40.0649298,116.6061777
Txy_Y1_016,76,40.0643885,116.6048636,Gate_03_412,113,40.0647503,116.6064245
Txy_Y1_017,77,40.0636002,116.6049923,Gate_03_413,114,40.0642084,116.6061938
Txy_Y1_017,77,40.0636002,116.6049923,Gate_03_414,115,40.064035,116.6065608
Txy_Y1_012,72,40.0669913,116.604472,Gate_03_458,123,40.0670589,116.6031003
Txy_Y1_012,72,40.0669913,116.604472,Gate_03_457,122,40.0666094,116.6031432
Txy_Y1_013,73,40.0662852,116.6045364,Gate_03_456,121,40.0660818,116.6032397
Txy_Y1_014,74,40.0656037,116.6046651,Gate_03_455,120,40.0655132,116.603347
Txy_Y1_014,74,40.0656037,116.6046651,Gate_03_454,119,40.0647106,116.6033739
Txy_Y1_016,76,40.0643885,116.6048636,Gate_03_453,118,40.0642505,116.6035269
Txy_Y1_017,77,40.0636002,116.6049923,Gate_03_452,117,40.0638666,116.6035836
Txy_Y1_017,77,40.0636002,116.6049923,Gate_03_451,116,40.0634766,116.6036399
Txy_Y1_018,80,40.061112,116.6054088,Gate_03_319,124,40.0612218,116.6067008
Txy_Y1_018,80,40.061112,116.6054088,Gate_03_320,125,40.0609734,116.6070441
Txy_Y1_019,81,40.0602662,116.605516,Gate_03_321,126,40.0603924,116.6067813
Txy_Y1_019,81,40.0602662,116.605516,Gate_03_322,127,40.0601388,116.6071864
Txy_Y1_021,83,40.0588867,116.6057413,Gate_03_323,128,40.0593846,116.6070169
Txy_Y1_021,83,40.0588867,116.6057413,Gate_03_324,129,40.0591573,116.6073215
Txy_Y1_022,84,40.0584782,116.6058244,Gate_03_325,130,40.0585825,116.6071525
Txy_Y1_022,84,40.0584782,116.6058244,Gate_03_326,131,40.0583525,116.6074482
Txy_Y1_023,85,40.0576653,116.6059639,Gate_03_327,132,40.057788,116.6072497
Txy_Y1_023,85,40.0576653,116.6059639,Gate_03_328,133,40.0575519,116.6075743
Txy_Y1_024,86,40.0567932,116.606086,Gate_03_329,134,40.0569894,116.6073704
Txy_Y1_024,86,40.0567932,116.606086,Gate_03_330,135,40.0567389,116.6077107
Txy_Y1_025,87,40.055822,116.6060645,Gate_03_332,137,40.05531,116.6074223
Txy_Y1_025,87,40.055822,116.6060645,Gate_03_331,136,40.0559341,116.6076302
Txy_Y1_026,88,40.0553267,116.6058772,Gate_03_333,138,40.0547906,116.6070816
Txy_Y1_027,89,40.0549736,116.6055767,Gate_03_334,139,40.054224,116.6067222
Txy_Y1_028,90,40.0545537,116.6050296,Gate_03_335,140,40.0536553,116.6059041
Txy_Y1_029,91,40.0541659,116.6043597,Gate_03_336,141,40.0532734,116.6052006
Txy_Y1_G,321,40.0762182,116.5992345,Gate_03_337,142,40.052834,116.6044818
Txy_Y3_J1,148,40.0799856,116.6007946,Txy_Y3_001,149,40.0796095,116.6020489
Txy_Y3_001,149,40.0796095,116.6020489,Txy_Y3_002,150,40.0792113,116.6031709
Txy_Y3_002,150,40.0792113,116.6031709,Txy_Y3_J2,151,40.0787311,116.6046998
Txy_Y3_001,149,40.0796095,116.6020489,Gate_03_524,143,40.0787334,116.601182
Txy_Y3_001,149,40.0796095,116.6020489,Gate_03_523,144,40.0785343,116.6019571
Txy_Y3_002,150,40.0792113,116.6031709,Gate_03_522,145,40.0782798,116.6027108
Txy_Y3_002,150,40.0792113,116.6031709,Gate_03_521,146,40.0779987,116.6034002
Txy_Y3_J2,151,40.0787311,116.6046998,Gate_03_520,147,40.0777975,116.6041914
Txy_Y6_J3,152,40.0790424,116.6061367,Txy_Y6_001,154,40.0797484,116.6077782
Txy_Y6_001,154,40.0797484,116.6077782,Txy_Y6_J4,153,40.0807581,116.6094841
Txy_Y6_J3,152,40.0790424,116.6061367,Gate_03_519,155,40.078125,116.6069964
Gate_03_518,156,40.0783815,116.6076973,Txy_Y6_J3,152,40.0790424,116.6061367
Txy_Y6_001,154,40.0797484,116.6077782,Gate_03_517,157,40.0787858,116.6083678
Txy_Y6_001,154,40.0797484,116.6077782,Gate_03_516,158,40.079147,116.609025
Txy_Y6_001,154,40.0797484,116.6077782,Gate_03_515,159,40.0795103,116.6096741
Txy_Y4_J,160,40.0772401,116.6112037,Txy_Y4_001,161,40.0766901,116.609868
Txy_Y4_001,161,40.0766901,116.609868,Txy_Y4_002,162,40.0761893,116.6092886
Txy_Y4_003,163,40.0757049,116.6090419,Txy_Y4_002,162,40.0761893,116.6092886
Txy_Y4_K5,164,40.0751918,116.6089131,Txy_Y4_003,163,40.0757049,116.6090419
Txy_Y4_K5,164,40.0751918,116.6089131,Txy_Y4_K4,165,40.0743011,116.608999
Txy_Y4_K4,165,40.0743011,116.608999,Txy_Y4_004,166,40.0734472,116.6091438
Txy_Y4_005,167,40.0722855,116.6093315,Txy_Y4_004,166,40.0734472,116.6091438
Txy_Y4_005,167,40.0722855,116.6093315,Txy_Y4_006,168,40.0714522,116.6094442
Txy_Y4_007,169,40.0709226,116.6095354,Txy_Y4_006,168,40.0714522,116.6094442
Txy_Y4_008,170,40.0702453,116.6096427,Txy_Y4_007,169,40.0709226,116.6095354
Txy_Y4_T4,171,40.0693339,116.6097768,Txy_Y4_008,170,40.0702453,116.6096427
Txy_Y4_T3,172,40.0684696,116.6099377,Txy_Y4_T4,171,40.0693339,116.6097768
Txy_Y4_T3,172,40.0684696,116.6099377,Txy_Y4_009,173,40.0675567,116.6100561
Txy_Y4_010,174,40.0667315,116.6101902,Txy_Y4_009,173,40.0675567,116.6100561
Txy_Y4_010,174,40.0667315,116.6101902,Txy_Y4_011,175,40.0660953,116.6102652
Txy_Y4_012,176,40.0653841,116.610407,Txy_Y4_011,175,40.0660953,116.6102652
Txy_Y4_013,177,40.0649037,116.6104768,Txy_Y4_012,176,40.0653841,116.610407
Txy_Y4_014,178,40.0645301,116.6105358,Txy_Y4_013,177,40.0649037,116.6104768
Txy_Y4_015,179,40.0641073,116.6105948,Txy_Y4_014,178,40.0645301,116.6105358
Txy_Y4_T2,180,40.0633806,116.6107343,Txy_Y4_015,179,40.0641073,116.6105948
Txy_Y4_T2,180,40.0633806,116.6107343,Txy_Y4_T1,181,40.062502,116.6108308
Txy_Y4_T1,181,40.062502,116.6108308,Txy_Y4_016,182,40.061492,116.6110072
Txy_Y4_017,183,40.0606134,116.6111359,Txy_Y4_016,182,40.061492,116.6110072
Txy_Y4_017,183,40.0606134,116.6111359,Txy_Y4_018,184,40.0596403,116.6112915
Txy_Y4_K2,185,40.0589752,116.6113934,Txy_Y4_018,184,40.0596403,116.6112915
Txy_Y4_K2,185,40.0589752,116.6113934,Txy_Y4_K1,186,40.0580431,116.6115382
Txy_Y4_K1,186,40.0580431,116.6115382,Txy_Y4_K0,187,40.0571727,116.611667
Txy_Y4_K0,187,40.0571727,116.611667,Txy_Y4_019,188,40.0566266,116.6118226
Txy_Y4_020,189,40.0558957,116.612359,Txy_Y4_019,188,40.0566266,116.6118226
Txy_Y4_021,190,40.0554276,116.6130939,Txy_Y4_020,189,40.0558957,116.612359
Txy_Y4_022,191,40.0550211,116.6143116,Txy_Y4_021,190,40.0554276,116.6130939
Txy_Y4_001,161,40.0766901,116.609868,Gate_03_514,192,40.0779612,116.6097068
Txy_Y4_001,161,40.0766901,116.609868,Gate_03_513,193,40.0775196,116.6089504
Txy_Y4_002,162,40.0761893,116.6092886,Gate_03_512,194,40.0768136,116.6080706
Txy_Y4_003,163,40.0757049,116.6090419,Gate_03_511,195,40.0761219,116.607612
Txy_Y4_K5,164,40.0751918,116.6089131,Gate_03_510,196,40.0753933,116.607392
Txy_Y4_K4,165,40.0743011,116.608999,Gate_03_509,197,40.0745518,116.6073894
Txy_Y4_K4,165,40.0743011,116.608999,Gate_03_508,198,40.0737487,116.6075208
Txy_Y4_004,166,40.0734472,116.6091438,Gate_03_507,199,40.0729165,116.6076884
Txy_Y4_005,167,40.0722855,116.6093315,Gate_03_506,200,40.0721802,116.6077588
Txy_Y4_005,167,40.0722855,116.6093315,Gate_03_505,201,40.071937,116.6080431
Txy_Y4_006,168,40.0714522,116.6094442,Gate_03_504,202,40.0711766,116.6078926
Txy_Y4_006,168,40.0714522,116.6094442,Gate_03_503,203,40.0709467,116.6082574
Txy_Y4_007,169,40.0709226,116.6095354,Gate_03_502,204,40.0703597,116.6080133
Txy_Y4_008,170,40.0702453,116.6096427,Gate_03_501,205,40.0701206,116.6084706
Txy_Y4_009,173,40.0675567,116.6100561,Gate_03_407,206,40.0672995,116.6085466
Txy_Y4_010,174,40.0667315,116.6101902,Gate_03_406,207,40.0666169,116.6086633
Txy_Y4_011,175,40.0660953,116.6102652,Gate_03_405,208,40.0659603,116.6087486
Txy_Y4_012,176,40.0653841,116.610407,Gate_03_404,209,40.0650262,116.6088268
Txy_Y4_013,177,40.0649037,116.6104768,Gate_03_403,210,40.0648598,116.6091481
Txy_Y4_014,178,40.0645301,116.6105358,Gate_03_402,211,40.064325,116.6089577
Txy_Y4_015,179,40.0641073,116.6105948,Gate_03_401,212,40.0641177,116.6093721
Txy_Y4_016,182,40.061492,116.6110072,Gate_03_318,213,40.0614027,116.6094168
Txy_Y4_016,182,40.061492,116.6110072,Gate_03_317,214,40.0611286,116.6097292
Txy_Y4_017,183,40.0606134,116.6111359,Gate_03_316,215,40.0605254,116.6095214
Txy_Y4_017,183,40.0606134,116.6111359,Gate_03_315,216,40.0602934,116.6099653
Txy_Y4_018,184,40.0596403,116.6112915,Gate_03_314,217,40.0595389,116.6097291
Txy_Y4_018,184,40.0596403,116.6112915,Gate_03_313,218,40.0593048,116.610114
Txy_Y4_K2,185,40.0589752,116.6113934,Gate_03_312,219,40.0587208,116.6098284
Txy_Y4_K2,185,40.0589752,116.6113934,Gate_03_311,220,40.0584849,116.6101714
Txy_Y4_K1,186,40.0580431,116.6115382,Gate_03_310,221,40.0579285,116.6099957
Txy_Y4_K1,186,40.0580431,116.6115382,Gate_03_309,222,40.0576842,116.6103457
Txy_Y4_K0,187,40.0571727,116.611667,Gate_03_308,223,40.0570478,116.6101137
Txy_Y4_019,188,40.0566266,116.6118226,Gate_03_307,224,40.0561906,116.6103433
Txy_Y4_020,189,40.0558957,116.612359,Gate_03_306,225,40.0555999,116.6107963
Txy_Y4_020,189,40.0558957,116.612359,Gate_03_305,226,40.0551772,116.6113435
Txy_Y4_020,189,40.0558957,116.612359,Gate_03_304,227,40.0547424,116.6118697
Txy_Y4_021,190,40.0554276,116.6130939,Gate_03_303,228,40.0543379,116.6128205
Txy_Y4_022,191,40.0550211,116.6143116,Gate_03_302,229,40.0540539,116.6136457
Txy_Y4_022,191,40.0550211,116.6143116,Gate_03_301,230,40.0537623,116.614445
Gate_03_565,231,40.0735746,116.6104625,Txy_Y4_004,166,40.0734472,116.6091438
Txy_Y4_004,166,40.0734472,116.6091438,Gate_03_564,232,40.072906,116.6105308
Txy_Y4_005,167,40.0722855,116.6093315,Gate_03_563,233,40.0722925,116.6106874
Txy_Y4_006,168,40.0714522,116.6094442,Gate_03_562,234,40.0715125,116.6107545
Txy_Y4_007,169,40.0709226,116.6095354,Gate_03_561,235,40.0709768,116.6109422
Txy_Y4_008,170,40.0702453,116.6096427,Gate_03_560,236,40.0703492,116.6109054
Txy_Y4_009,173,40.0675567,116.6100561,Gate_03_466,237,40.0678023,116.6113323
Txy_Y4_009,173,40.0675567,116.6100561,Gate_03_465,238,40.0673425,116.6114127
Txy_Y4_010,174,40.0667315,116.6101902,Gate_03_464,239,40.0668051,116.6114652
Txy_Y4_011,175,40.0660953,116.6102652,Gate_03_463,240,40.0662427,116.6116798
Txy_Y4_012,176,40.0653841,116.610407,Gate_03_462,241,40.0654503,116.6117495
Txy_Y4_013,177,40.0649037,116.6104768,Gate_03_461,242,40.0649949,116.6118139
Txy_Y4_014,178,40.0645301,116.6105358,Gate_03_460,243,40.064609,116.6118675
Txy_Y4_015,179,40.0641073,116.6105948,Gate_03_459,244,40.0642333,116.6119346
Txy_Y2_T2,245,40.0627513,116.6041183,Txy_Y2_T1,246,40.0618891,116.6043329
Txy_Y1_T2,78,40.0628462,116.6051062,Txy_Y2_T2,245,40.0627513,116.6041183
Txy_Y2_T1,246,40.0618891,116.6043329,Txy_Y1_T1,79,40.0619759,116.6052349
Txy_Y1_T2,78,40.0628462,116.6051062,Txy_Y4_T2,180,40.0633806,116.6107343
Txy_Y1_T2,78,40.0628462,116.6051062,Txy_Y4_T1,181,40.062502,116.6108308
Txy_Y1_T3,71,40.0679379,116.604308,Txy_Y4_T3,172,40.0684696,116.6099377
Txy_Y1_T4,70,40.0688082,116.6041578,Txy_Y4_T4,171,40.0693339,116.6097768
Txy_Y2_006,252,40.0556768,116.6053027,Txy_Y1_027,89,40.0549736,116.6055767
Txy_Y2_006,252,40.0556768,116.6053027,Txy_Y1_025,87,40.055822,116.6060645
Txy_Y2_005,251,40.0565719,116.6051632,Txy_Y2_006,252,40.0556768,116.6053027
Txy_Y2_005,251,40.0565719,116.6051632,Txy_Y2_004,250,40.0574745,116.6050339
Txy_Y2_003,249,40.058464,116.6048568,Txy_Y2_004,250,40.0574745,116.6050339
Txy_Y2_003,249,40.058464,116.6048568,Txy_Y2_002,248,40.0594371,116.6046798
Txy_Y2_001,247,40.0603937,116.6045618,Txy_Y2_002,248,40.0594371,116.6046798
Txy_Y2_T1,246,40.0618891,116.6043329,Txy_Y2_001,247,40.0603937,116.6045618
Txy_Y1_019,81,40.0602662,116.605516,Txy_Y2_001,247,40.0603937,116.6045618
Txy_Y2_003,249,40.058464,116.6048568,Txy_Y1_022,84,40.0584782,116.6058244
Txy_Y2_004,250,40.0574745,116.6050339,Txy_Y1_023,85,40.0576653,116.6059639
Txy_Y2_005,251,40.0565719,116.6051632,Txy_Y1_024,86,40.0567932,116.606086
Txy_Y2_003,249,40.058464,116.6048568,Gate_03_351,253,40.0581072,116.6036899
Txy_Y2_003,249,40.058464,116.6048568,Gate_03_352,254,40.0586348,116.6035799
Txy_Y2_002,248,40.0594371,116.6046798,Gate_03_353,255,40.0591029,116.6035853
Txy_Y2_002,248,40.0594371,116.6046798,Gate_03_354,256,40.0596733,116.6035477
Txy_Y2_001,247,40.0603937,116.6045618,Gate_03_355,257,40.0600859,116.6034109
Txy_Y2_001,247,40.0603937,116.6045618,Gate_03_356,258,40.0605326,116.6033242
Txy_Y2_001,247,40.0603937,116.6045618,Gate_03_357,259,40.0609596,116.6033108
Txy_Y4_T2,180,40.0633806,116.6107343,Txy_Y5_T2,269,40.0634813,116.6119025
Txy_Y4_T1,181,40.062502,116.6108308,Txy_Y5_T1,268,40.0626073,116.6119722
Txy_Y5_T2,269,40.0634813,116.6119025,Txy_Y5_T1,268,40.0626073,116.6119722
Txy_Y5_K,260,40.0556291,116.6157115,Txy_Y5_001,261,40.0559248,116.6144294
Txy_Y5_001,261,40.0559248,116.6144294,Txy_Y5_002,262,40.0564574,116.6131867
Txy_Y5_002,262,40.0564574,116.6131867,Txy_Y5_K0,263,40.0572909,116.6128112
Txy_Y5_K0,263,40.0572909,116.6128112,Txy_Y5_K1,264,40.0581895,116.6126743
Txy_Y5_K1,264,40.0581895,116.6126743,Txy_Y5_K2,265,40.0590846,116.6125187
Txy_Y5_K2,265,40.0590846,116.6125187,Txy_Y5_003,266,40.0598483,116.6124121
Txy_Y5_004,267,40.0609733,116.6122297,Txy_Y5_003,266,40.0598483,116.6124121
Txy_Y5_T1,268,40.0626073,116.6119722,Txy_Y5_004,267,40.0609733,116.6122297
Txy_Y4_022,191,40.0550211,116.6143116,Txy_Y5_001,261,40.0559248,116.6144294
Txy_Y4_020,189,40.0558957,116.612359,Txy_Y5_002,262,40.0564574,116.6131867
Txy_Y4_022,191,40.0550211,116.6143116,Txy_Y5_K,260,40.0556291,116.6157115
Txy_Y4_K0,187,40.0571727,116.611667,Txy_Y5_K0,263,40.0572909,116.6128112
Txy_Y4_K1,186,40.0580431,116.6115382,Txy_Y5_K1,264,40.0581895,116.6126743
Txy_Y4_K2,185,40.0589752,116.6113934,Txy_Y4_K2,185,40.0589752,116.6113934
Txy_Y5_004,267,40.0609733,116.6122297,Txy_Y4_017,183,40.0606134,116.6111359
Txy_Y5_003,266,40.0598483,116.6124121,Gate_03_358,273,40.0599508,116.6136861
Txy_Y5_004,267,40.0609733,116.6122297,Gate_03_359,272,40.060556,116.6136056
Txy_Y5_004,267,40.0609733,116.6122297,Gate_03_360,271,40.0610405,116.6135144
Txy_Y5_004,267,40.0609733,116.6122297,Gate_03_361,270,40.0616402,116.6134783
Txy_K0_K,294,40.0575504,116.6154257,Txy_Y5_K,260,40.0556291,116.6157115
Txy_Y5_K,260,40.0556291,116.6157115,Txy_K0_K,294,40.0575504,116.6154257
Txy_Q0_K,274,40.0584311,116.6153034,Txy_K0_K,294,40.0575504,116.6154257
Txy_Y5_K1,264,40.0581895,116.6126743,Txy_Q0_K,274,40.0584311,116.6153034
Txy_Q1_K,275,40.0593385,116.6151639,Txy_Q0_K,274,40.0584311,116.6153034
Txy_Y5_K2,265,40.0590846,116.6125187,Txy_Q1_K,275,40.0593385,116.6151639
Txy_T1_K,295,40.0628968,116.6146148,Txy_T2_K,296,40.0637507,116.6144431
Txy_T1_K,295,40.0628968,116.6146148,Txy_Q1_K,275,40.0593385,116.6151639
Txy_T2_J,298,40.0636686,116.6133381,Txy_T1_J,297,40.0627572,116.6134454
Txy_T1_J,297,40.0627572,116.6134454,Txy_Y5_T1,268,40.0626073,116.6119722
Txy_T1_J,297,40.0627572,116.6134454,Txy_T1_K,295,40.0628968,116.6146148
Txy_Y5_T2,269,40.0634813,116.6119025,Txy_T2_J,298,40.0636686,116.6133381
Txy_T2_J,298,40.0636686,116.6133381,Txy_T2_K,296,40.0637507,116.6144431
Txy_K3_J,299,40.0664191,116.6128681,Txy_T2_J,298,40.0636686,116.6133381
Txy_T2_K,296,40.0637507,116.6144431,Txy_Q2_K,276,40.0665333,116.6140266
Txy_K3_J,299,40.0664191,116.6128681,Txy_Q2_K,276,40.0665333,116.6140266
Txy_T3_K,303,40.0688169,116.6136584,Txy_Q2_K,276,40.0665333,116.6140266
Txy_T3_J,300,40.0686773,116.6125426,Txy_K3_J,299,40.0664191,116.6128681
Txy_T3_J,300,40.0686773,116.6125426,Txy_T3_K,303,40.0688169,116.6136584
Txy_T4_K,302,40.0696708,116.6135404,Txy_T3_K,303,40.0688169,116.6136584
Txy_T3_J,300,40.0686773,116.6125426,Txy_T4_J,301,40.0695805,116.6124139
Txy_T4_J,301,40.0695805,116.6124139,Txy_T4_K,302,40.0696708,116.6135404
Txy_Y4_T3,172,40.0684696,116.6099377,Txy_T3_J,300,40.0686773,116.6125426
Txy_Y4_T4,171,40.0693339,116.6097768,Txy_T4_J,301,40.0695805,116.6124139
Txy_Q3_K,277,40.070651,116.6134258,Txy_T4_K,302,40.0696708,116.6135404
Txy_K4_J,304,40.0745769,116.6116443,Txy_T4_J,301,40.0695805,116.6124139
Txy_K4_K,287,40.0746768,116.6127522,Txy_K4_J,304,40.0745769,116.6116443
Txy_K4_K,287,40.0746768,116.6127522,Txy_Q3_K,277,40.070651,116.6134258
Txy_Y4_K4,165,40.0743011,116.608999,Txy_K4_J,304,40.0745769,116.6116443
Txy_Y4_K5,164,40.0751918,116.6089131,Txy_K5_J,305,40.0754718,116.6115049
Txy_K4_J,304,40.0745769,116.6116443,Txy_K5_J,305,40.0754718,116.6115049
Txy_K4_K,287,40.0746768,116.6127522,Txy_Q5_K,278,40.0755769,116.6126533
Txy_K5_J,305,40.0754718,116.6115049,Txy_Q5_K,278,40.0755769,116.6126533
Txy_Y4_J,160,40.0772401,116.6112037,Txy_K5_J,305,40.0754718,116.6115049
Txy_Q5_K,278,40.0755769,116.6126533,Txy_Y4_K,288,40.0773696,116.6123445
Txy_Y4_J,160,40.0772401,116.6112037,Txy_Y4_K,288,40.0773696,116.6123445
Txy_Y4_J,160,40.0772401,116.6112037,Txy_K6_J,289,40.0794383,116.6108747
Txy_Y4_K,288,40.0773696,116.6123445,Txy_K6_K,290,40.0796025,116.6120549
Txy_K6_J,289,40.0794383,116.6108747,Txy_K6_K,290,40.0796025,116.6120549
Txy_Y6_J4,153,40.0807581,116.6094841,Txy_Y6_J,306,40.0809408,116.6106205
Txy_Y6_J,306,40.0809408,116.6106205,Txy_K6_J,289,40.0794383,116.6108747
Txy_Y6_J,306,40.0809408,116.6106205,Txy_Q6_K,279,40.080897,116.6117634
Txy_Q6_K,279,40.080897,116.6117634,Txy_K6_K,290,40.0796025,116.6120549
Txy_Y6_J,306,40.0809408,116.6106205,Txy_T5_J,291,40.0820671,116.6104455
Txy_Q6_K,279,40.080897,116.6117634,Txy_Y6_K,280,40.0821517,116.6115755
Txy_T5_J,291,40.0820671,116.6104455,Txy_Y6_K,280,40.0821517,116.6115755
Txy_T5_K,281,40.0830301,116.6114575,Txy_Y6_K,280,40.0821517,116.6115755
Txy_T5_J,291,40.0820671,116.6104455,Txy_T6_J,292,40.0829618,116.6103168
Txy_T6_J,292,40.0829618,116.6103168,Txy_T5_K,281,40.0830301,116.6114575
Txy_K7_J,293,40.0839021,116.6101666,Txy_T6_J,292,40.0829618,116.6103168
Txy_T5_K,281,40.0830301,116.6114575,Txy_K7_K,282,40.0839905,116.6112965
Txy_K7_J,293,40.0839021,116.6101666,Txy_K7_K,282,40.0839905,116.6112965
Txy_K7_K,282,40.0839905,116.6112965,Txy_Q7_K,283,40.0852546,116.6111249
Txy_Q7_K,283,40.0852546,116.6111249,Txy_Q8_K,284,40.0901549,116.6103202
Txy_Q8_K,284,40.0901549,116.6103202,Txy_Q9_K,285,40.0919524,116.610052
Txy_Q9_K,285,40.0919524,116.610052,Txy_U2_K,286,40.0928552,116.6099232
Txy_U2_K,286,40.0928552,116.6099232,Txy_U2_J,309,40.092767,116.6087616
Txy_U3_J,308,40.0918601,116.6089172,Txy_Q9_K,285,40.0919524,116.610052
Txy_U2_J,309,40.092767,116.6087616,Txy_U3_J,308,40.0918601,116.6089172
Txy_U3_J,308,40.0918601,116.6089172,Txy_U4_J,307,40.0900667,116.60918
Txy_U4_J,307,40.0900667,116.60918,Txy_Q8_K,284,40.0901549,116.6103202
Txy_U4_J,307,40.0900667,116.60918,Txy_K7_J,293,40.0839021,116.6101666
Txy_E0_G,310,40.0554339,116.602484,Txy_Y2_006,252,40.0556768,116.6053027
Txy_E0_G,310,40.0554339,116.602484,Txy_E1_G,311,40.0563455,116.6023445
Txy_E1_G,311,40.0563455,116.6023445,Txy_Y2_005,251,40.0565719,116.6051632
Txy_E1_G,311,40.0563455,116.6023445,Txy_E2_G,312,40.0572242,116.6022158
Txy_E2_G,312,40.0572242,116.6022158,Txy_Y2_004,250,40.0574745,116.6050339
Txy_E2_G,312,40.0572242,116.6022158,Txy_G_T1,313,40.0616444,116.601497
Txy_G_T1,313,40.0616444,116.601497,Txy_H_T1,330,40.0617587,116.6026645
Txy_H_T1,330,40.0617587,116.6026645,Txy_Y2_T1,246,40.0618891,116.6043329
Txy_H_T1,330,40.0617587,116.6026645,Txy_H_T2,331,40.0626127,116.6025251
Txy_H_T2,331,40.0626127,116.6025251,Txy_Y2_T2,245,40.0627513,116.6041183
Txy_G_T2,314,40.0625065,116.6013897,Txy_H_T2,331,40.0626127,116.6025251
Txy_G_T1,313,40.0616444,116.601497,Txy_G_T2,314,40.0625065,116.6013897
Txy_H_T2,331,40.0626127,116.6025251,Txy_T3_H,333,40.0685868,116.6015604
Txy_G_T2,314,40.0625065,116.6013897,Txy_E3_G,315,40.0676051,116.6005843
Txy_E3_G,315,40.0676051,116.6005843,Txy_T3_H,333,40.0685868,116.6015604
Txy_T3_H,333,40.0685868,116.6015604,Txy_Y1_T3,71,40.0679379,116.604308
Txy_T3_H,333,40.0685868,116.6015604,Txy_T3_H,333,40.0685868,116.6015604
Txy_T4_G,316,40.068459,116.6004556,Txy_T3_H,333,40.0685868,116.6015604
Txy_T4_G,316,40.068459,116.6004556,Txy_E3_G,315,40.0676051,116.6005843
Txy_T3_H,333,40.0685868,116.6015604,Txy_Y1_T4,70,40.0688082,116.6041578
Txy_H_G3,334,40.072265,116.600981,Txy_T3_H,333,40.0685868,116.6015604
Txy_H_G3,334,40.072265,116.600981,Txy_Y1_007,65,40.0726097,116.6036156
Txy_H_G3,334,40.072265,116.600981,Txy_G_G3,317,40.0721782,116.5998548
Txy_G_G4,318,40.0730567,116.599726,Txy_G_G3,317,40.0721782,116.5998548
Txy_H_G3,334,40.072265,116.600981,Txy_H_G4,335,40.0731764,116.600863
Txy_G_G4,318,40.0730567,116.599726,Txy_H_G4,335,40.0731764,116.600863
Txy_H_G4,335,40.0731764,116.600863,Txy_Y1_006,64,40.0733404,116.6034976
Txy_T4_G,316,40.068459,116.6004556,Txy_G_G3,317,40.0721782,116.5998548
Txy_G_G5,319,40.0744613,116.5995027,Txy_H_G5,336,40.074531,116.6006162
Txy_G_G4,318,40.0730567,116.599726,Txy_G_G5,319,40.0744613,116.5995027
Txy_H_G5,336,40.074531,116.6006162,Txy_H_G4,335,40.0731764,116.600863
Txy_H_G5,336,40.074531,116.6006162,Txy_H_G6,337,40.075434,116.6004768
Txy_G_G6,320,40.0753151,116.5993847,Txy_G_G5,319,40.0744613,116.5995027
Txy_G_G6,320,40.0753151,116.5993847,Txy_H_G6,337,40.075434,116.6004768
Txy_Y1_H,0,40.0762945,116.6003637,Txy_H_G6,337,40.075434,116.6004768
Txy_G_G6,320,40.0753151,116.5993847,Txy_Y1_G,321,40.0762182,116.5992345
Txy_Y1_G,321,40.0762182,116.5992345,Txy_Y1_H,0,40.0762945,116.6003637
Txy_G7_G,322,40.0781392,116.5989233,Txy_Y1_G,321,40.0762182,116.5992345
Txy_Y1_H,0,40.0762945,116.6003637,Txy_G7_H,338,40.0782335,116.6000476
Txy_G7_G,322,40.0781392,116.5989233,Txy_G7_H,338,40.0782335,116.6000476
Txy_Y3_G,323,40.0798139,116.5986766,Txy_G7_G,322,40.0781392,116.5989233
Txy_G7_H,338,40.0782335,116.6000476,Txy_Y3_H,339,40.0799246,116.5998223
Txy_Y3_G,323,40.0798139,116.5986766,Txy_Y3_H,339,40.0799246,116.5998223
Txy_Y3_H,339,40.0799246,116.5998223,Txy_Y3_J1,148,40.0799856,116.6007946
Txy_Y3_G,323,40.0798139,116.5986766,Txy_T5_G,324,40.0809714,116.5984942
Txy_T5_H,340,40.0810739,116.5996185,Txy_T5_G,324,40.0809714,116.5984942
Txy_T5_H,340,40.0810739,116.5996185,Txy_Y3_H,339,40.0799246,116.5998223
Txy_T5_H,340,40.0810739,116.5996185,Txy_J1_T5,350,40.0811862,116.6007569
Txy_J1_T5,350,40.0811862,116.6007569,Txy_Y3_J1,148,40.0799856,116.6007946
Txy_T5_G,324,40.0809714,116.5984942,Txy_T6_G,325,40.0818415,116.5983225
Txy_T6_G,325,40.0818415,116.5983225,Txy_T6_H,341,40.0819604,116.599479
Txy_T5_H,340,40.0810739,116.5996185,Txy_T6_H,341,40.0819604,116.599479
Txy_T6_H,341,40.0819604,116.599479,Txy_J1_T6,351,40.0820481,116.6006818
Txy_J1_T6,351,40.0820481,116.6006818,Txy_J1_T5,350,40.0811862,116.6007569
Txy_J1_T5,350,40.0811862,116.6007569,Txy_J2_T5,346,40.0815227,116.6043726
Txy_J1_T6,351,40.0820481,116.6006818,Txy_J2_T6,347,40.0824011,116.6042331
Txy_J2_T6,347,40.0824011,116.6042331,Txy_J2_T5,346,40.0815227,116.6043726
Txy_J2_T5,346,40.0815227,116.6043726,Txy_Y3_J2,151,40.0787311,116.6046998
Txy_J2_T6,347,40.0824011,116.6042331,Txy_J3_T6,349,40.082516,116.6055849
Txy_J2_T5,346,40.0815227,116.6043726,Txy_J3_T5,348,40.0816623,116.6057566
Txy_J3_T5,348,40.0816623,116.6057566,Txy_J3_T6,349,40.082516,116.6055849
Txy_J3_T5,348,40.0816623,116.6057566,Txy_Y6_J3,152,40.0790424,116.6061367
Txy_J3_T6,349,40.082516,116.6055849,Txy_J4_T6,353,40.0828517,116.6091768
Txy_J3_T5,348,40.0816623,116.6057566,Txy_J4_T5,352,40.0819898,116.6093056
Txy_J4_T6,353,40.0828517,116.6091768,Txy_J4_T5,352,40.0819898,116.6093056
Txy_J4_T5,352,40.0819898,116.6093056,Txy_T5_J,291,40.0820671,116.6104455
Txy_J4_T5,352,40.0819898,116.6093056,Txy_Y6_J4,153,40.0807581,116.6094841
Txy_H7_G,326,40.0842385,116.5979685,Txy_T6_G,325,40.0818415,116.5983225
Txy_H7_G,326,40.0842385,116.5979685,Txy_H7_H,342,40.0843163,116.5991142
Txy_H7_H,342,40.0843163,116.5991142,Txy_T6_H,341,40.0819604,116.599479
Txy_H6_G,327,40.0850676,116.597829,Txy_H7_G,326,40.0842385,116.5979685
Txy_H6_G,327,40.0850676,116.597829,Txy_H6_H,343,40.0851618,116.5989747
Txy_H6_H,343,40.0851618,116.5989747,Txy_H7_H,342,40.0843163,116.5991142
Txy_H5_G,328,40.0889419,116.5972496,Txy_H6_G,327,40.0850676,116.597829
Txy_H5_H,344,40.0890785,116.5983846,Txy_H6_H,343,40.0851618,116.5989747
Txy_H5_G,328,40.0889419,116.5972496,Txy_H5_H,344,40.0890785,116.5983846
Txy_H4_H,345,40.0899731,116.5982237,Txy_H5_H,344,40.0890785,116.5983846
Txy_H4_G,329,40.089853,116.5970994,Txy_H5_G,328,40.0889419,116.5972496
Txy_H4_G,329,40.089853,116.5970994,Txy_H4_H,345,40.0899731,116.5982237
Txy_W0_F,378,40.0546425,116.5978909,Txy_W1_F,377,40.0563013,116.5976334
Txy_W1_F,377,40.0563013,116.5976334,Txy_W2_F,376,40.0586006,116.5972794
Txy_A0_F,375,40.0612037,116.596818,Txy_W2_F,376,40.0586006,116.5972794
Txy_A0_F,375,40.0612037,116.596818,Txy_A1_F,374,40.0620823,116.5967215
Txy_A1_F,374,40.0620823,116.5967215,Txy_W3_F,373,40.0632319,116.5965927
Txy_W3_F,373,40.0632319,116.5965927,Txy_W4_F,372,40.0686017,116.5957129
Txy_Z2_W5,359,40.0748038,116.5941418,Txy_W4_F,372,40.0686017,116.5957129
Txy_M6_F,360,40.0760681,116.5939317,Txy_Z2_W5,359,40.0748038,116.5941418
Txy_W5_F,40,40.0769944,116.593811,Txy_M6_F,360,40.0760681,116.5939317
Txy_F_001,379,40.0777739,116.5936274,Txy_W5_F,40,40.0769944,116.593811
Txy_F_001,379,40.0777739,116.5936274,Txy_Z3_M5,44,40.0776675,116.5924752
Txy_Z3_M5,44,40.0776675,116.5924752,Txy_Z3_M6,43,40.0759887,116.5927703
Txy_Z3_M6,43,40.0759887,116.5927703,Txy_M6_F,360,40.0760681,116.5939317
Txy_Z2_Z3,53,40.0746363,116.5928174,Txy_Z3_M6,43,40.0759887,116.5927703
Txy_Z2_Z3,53,40.0746363,116.5928174,Txy_Z2_W5,359,40.0748038,116.5941418
Txy_Z18_001,46,40.0794582,116.592158,Txy_Z3_M5,44,40.0776675,116.5924752
Txy_M4_F,361,40.0809779,116.5931807,Txy_F_001,379,40.0777739,116.5936274
Txy_Z18_M4,49,40.0808702,116.5919649,Txy_Z18_001,46,40.0794582,116.592158
Txy_Z18_M4,49,40.0808702,116.5919649,Txy_M4_F,361,40.0809779,116.5931807
Txy_W6_F,362,40.0829234,116.592934,Txy_M4_F,361,40.0809779,116.5931807
Txy_Z3_M3,47,40.0828573,116.5917028,Txy_Z18_M4,49,40.0808702,116.5919649
Txy_Z3_M3,47,40.0828573,116.5917028,Txy_W6_F,362,40.0829234,116.592934
Txy_A8_F,363,40.0837402,116.5927408,Txy_W6_F,362,40.0829234,116.592934
Txy_Z4_Z3,48,40.0836001,116.5915097,Txy_Z3_M3,47,40.0828573,116.5917028
Txy_Z4_Z3,48,40.0836001,116.5915097,Txy_A8_F,363,40.0837402,116.5927408
Txy_A8_F,363,40.0837402,116.5927408,Txy_A9_F,364,40.084557,116.5926496
Txy_Z4_Z3,48,40.0836001,116.5915097,Txy_M_Z3,50,40.0844124,116.5913863
Txy_M_Z3,50,40.0844124,116.5913863,Txy_A9_F,364,40.084557,116.5926496
Txy_Z6_Z3,52,40.0852169,116.5912898,Txy_M_Z3,50,40.0844124,116.5913863
Txy_Z6_Z3,52,40.0852169,116.5912898,Txy_W7_F,365,40.085702,116.592478
Txy_W7_F,365,40.085702,116.592478,Txy_A9_F,364,40.084557,116.5926496
Txy_M2_Z3,367,40.0880174,116.5909081,Txy_Z6_Z3,52,40.0852169,116.5912898
Txy_W7_F,365,40.085702,116.592478,Txy_W8_F,366,40.0880913,116.592099
Txy_M2_Z3,367,40.0880174,116.5909081,Txy_W8_F,366,40.0880913,116.592099
Txy_W8_F,366,40.0880913,116.592099,Txy_W9_D9,368,40.089803,116.5923041
Txy_W9_F,369,40.0898768,116.5911668,Txy_W9_D9,368,40.089803,116.5923041
Txy_Z3_S4,370,40.0897701,116.590051,Txy_W9_F,369,40.0898768,116.5911668
Txy_W9_F,369,40.0898768,116.5911668,Txy_M2_Z3,367,40.0880174,116.5909081
Txy_Z2_003,59,40.0739307,116.5844146,Txy_Z15_Z2,56,40.0740947,116.5862826
Txy_Z1_001,57,40.0754247,116.5862182,Txy_Z15_Z2,56,40.0740947,116.5862826
Txy_Z1_001,57,40.0754247,116.5862182,Txy_Z1_002,51,40.0763729,116.5861378
Txy_Z15_Z2,56,40.0740947,116.5862826,Txy_Z2_002,55,40.0742548,116.5889702
Txy_Z2_002,55,40.0742548,116.5889702,Txy_Z2_001,54,40.0744496,116.5913251
Txy_Z2_001,54,40.0744496,116.5913251,Txy_Z2_Z3,53,40.0746363,116.5928174
Txy_Z3_M5,44,40.0776675,116.5924752,Txy_Z3_001,45,40.0786727,116.5911998
Txy_Z3_001,45,40.0786727,116.5911998,Txy_Z3_002,42,40.0807922,116.5908974
Txy_Z3_002,42,40.0807922,116.5908974,Txy_Z18_M4,49,40.0808702,116.5919649
Txy_D5_001,357,40.0821828,116.5849217,Txy_D5_002,358,40.0810581,116.5850961
Txy_D5_001,357,40.0821828,116.5849217,Txy_Z4_D5,356,40.082938,116.5850076
Txy_Z4_D5,356,40.082938,116.5850076,Txy_Z4_001,355,40.0831998,116.5867546
Txy_Z4_001,355,40.0831998,116.5867546,Txy_Z4_D6,354,40.0833393,116.5885034
Txy_Z4_D6,354,40.0833393,116.5885034,Txy_Z4_Z3,48,40.0836001,116.5915097
Txy_Z2_003,59,40.0739307,116.5844146,Txy_Z2_004,60,40.0733807,116.5782723
Txy_D3_001,395,40.0809901,116.5788295,Txy_D3_002,396,40.0802185,116.5798166
Txy_D3_001,395,40.0809901,116.5788295,Txy_Z4_D3,394,40.082086,116.5788403
Txy_Z4_D3,394,40.082086,116.5788403,Txy_Z4_D4,393,40.0826032,116.5817585
Txy_Z4_D4,393,40.0826032,116.5817585,Txy_Z4_D5,356,40.082938,116.5850076
Txy_Z4_D4,393,40.0826032,116.5817585,Txy_D4_001,397,40.0814927,116.5818563
Txy_D3_M,401,40.0832658,116.5785847,Txy_D4_M,400,40.0835507,116.5815899
Txy_D4_M,400,40.0835507,116.5815899,Txy_Z4_D4,393,40.0826032,116.5817585
Txy_D4_M,400,40.0835507,116.5815899,Txy_D5_M,399,40.0838503,116.5849051
Txy_D5_M,399,40.0838503,116.5849051,Txy_Z4_D5,356,40.082938,116.5850076
Txy_Z4_D3,394,40.082086,116.5788403,Txy_D3_M,401,40.0832658,116.5785847
Txy_D5_M,399,40.0838503,116.5849051,Txy_D6_M,398,40.0841407,116.588367
Txy_D6_M,398,40.0841407,116.588367,Txy_Z4_D6,354,40.0833393,116.5885034
Txy_D6_M,398,40.0841407,116.588367,Txy_M_Z3,50,40.0844124,116.5913863
Txy_D3_M,401,40.0832658,116.5785847,Txy_D3_Z6,420,40.0840448,116.5784132
Txy_D4_M,400,40.0835507,116.5815899,Txy_D4_Z6,419,40.0843363,116.5814479
Txy_D5_M,399,40.0838503,116.5849051,Txy_D5_Z6,418,40.0846441,116.5847526
Txy_D6_M,398,40.0841407,116.588367,Txy_D6_Z6,417,40.0849601,116.5882775
Txy_D3_Z6,420,40.0840448,116.5784132,Txy_D4_Z6,419,40.0843363,116.5814479
Txy_D4_Z6,419,40.0843363,116.5814479,Txy_D5_Z6,418,40.0846441,116.5847526
Txy_D5_Z6,418,40.0846441,116.5847526,Txy_D6_Z6,417,40.0849601,116.5882775
Txy_D6_Z6,417,40.0849601,116.5882775,Txy_Z6_Z3,52,40.0852169,116.5912898
Txy_Z15_Z2,56,40.0740947,116.5862826,Gate_02_251,33,40.0751351,116.5855214
Txy_Z1_002,51,40.0763729,116.5861378,Gate_02_205,2,40.0761996,116.5872951
Txy_Z1_001,57,40.0754247,116.5862182,Gate_02_206,3,40.0758322,116.5869424
Txy_Z1_001,57,40.0754247,116.5862182,Gate_02_207,4,40.0754618,116.5870282
Txy_Z15_Z2,56,40.0740947,116.5862826,Gate_02_208,1,40.07515,116.5874221
Txy_Z2_002,55,40.0742548,116.5889702,Gate_02_210,8,40.0752048,116.5885281
Txy_Z2_002,55,40.0742548,116.5889702,Gate_02_211,9,40.0753054,116.5893646
Txy_Z2_001,54,40.0744496,116.5913251,Gate_02_212,7,40.0755048,116.5902051
Txy_Z2_001,54,40.0744496,116.5913251,Gate_02_213,11,40.0753911,116.5910729
Txy_Z2_Z3,53,40.0746363,116.5928174,Gate_02_214,13,40.0755327,116.5915373
Txy_Z3_M6,43,40.0759887,116.5927703,Gate_02_215,10,40.0759042,116.5916687
Txy_Z3_M5,44,40.0776675,116.5924752,Gate_02_216,14,40.0763187,116.5916204
Txy_Z3_M5,44,40.0776675,116.5924752,Gate_02_217,12,40.0766348,116.5912342
Txy_Z3_M5,44,40.0776675,116.5924752,Gate_02_218,15,40.0766492,116.5904537
Txy_Z3_001,45,40.0786727,116.5911998,Gate_02_219,16,40.0774118,116.589638
Txy_Z3_001,45,40.0786727,116.5911998,Gate_02_220,17,40.0780695,116.5896112
Txy_Z3_001,45,40.0786727,116.5911998,Gate_02_221,20,40.0788042,116.5895361
Txy_Z3_002,42,40.0807922,116.5908974,Gate_02_223,18,40.0800171,116.589292
Txy_Z3_002,42,40.0807922,116.5908974,Gate_02_224,19,40.0806492,116.5891713
Txy_Z3_002,42,40.0807922,116.5908974,Gate_02_225,22,40.0814804,116.5894315
Txy_Z3_002,42,40.0807922,116.5908974,Gate_02_226,21,40.0815686,116.5905339
Txy_Z18_M4,49,40.0808702,116.5919649,Gate_02_227,6,40.0818744,116.5907619
Txy_Z3_M3,47,40.0828573,116.5917028,Gate_02_228,24,40.0822828,116.5907713
Txy_Z3_M3,47,40.0828573,116.5917028,Gate_02_229,25,40.0826584,116.5905808
Txy_Z4_D6,354,40.0833393,116.5885034,Gate_02_230,23,40.0826691,116.5901611
Txy_Z4_D6,354,40.0833393,116.5885034,Gate_02_231,30,40.0826535,116.5894875
Txy_Z4_D6,354,40.0833393,116.5885034,Gate_02_232,29,40.0824955,116.5888653
Txy_Z4_D6,354,40.0833393,116.5885034,Gate_02_233,31,40.082395,116.5882188
Txy_Z4_001,355,40.0831998,116.5867546,Gate_02_234,27,40.0823365,116.5875637
Txy_Z4_001,355,40.0831998,116.5867546,Gate_02_235,28,40.0824411,116.5868879
Txy_Z4_D5,356,40.082938,116.5850076,Gate_02_236,32,40.0823694,116.5862982
Txy_Z4_001,355,40.0831998,116.5867546,Gate_02_237,35,40.0820225,116.5859549
Txy_D5_002,358,40.0810581,116.5850961,Gate_02_238,26,40.081649,116.5859951
Txy_D5_002,358,40.0810581,116.5850961,Gate_02_239,34,40.0813412,116.5862284
Txy_D5_002,358,40.0810581,116.5850961,Gate_02_240,37,40.0811437,116.5865592
Txy_D3_002,396,40.0802185,116.5798166,Gate_01_115,391,40.0807274,116.5800982
Txy_D3_002,396,40.0802185,116.5798166,Gate_01_116,392,40.080631,116.5804684
Txy_D3_001,395,40.0809901,116.5788295,Gate_01_114,390,40.0810065,116.579838
Txy_Z4_D3,394,40.082086,116.5788403,Gate_01_113,389,40.0813246,116.5798461
Txy_Z4_D3,394,40.082086,116.5788403,Gate_01_112,388,40.0815771,116.5801787
Txy_Z4_D4,393,40.0826032,116.5817585,Gate_01_111,387,40.0816304,116.5805837
Txy_D4_001,397,40.0814927,116.5818563,Gate_01_110,386,40.0814129,116.5809324
Txy_D4_001,397,40.0814927,116.5818563,Gate_01_108,385,40.081186,116.5827749
Txy_Z4_D4,393,40.0826032,116.5817585,Gate_01_107,384,40.0816847,116.5826864
Txy_Z4_D5,356,40.082938,116.5850076,Gate_01_106,383,40.0819145,116.5833954
Txy_D5_001,357,40.0821828,116.5849217,Gate_01_105,382,40.0817832,116.5838085
Txy_D5_002,358,40.0810581,116.5850961,Gate_01_104,381,40.0814836,116.5839855
Txy_D5_002,358,40.0810581,116.5850961,Gate_01_103,380,40.0811593,116.583889
Txy_D3_Z6,420,40.0840448,116.5784132,Gate_01_815,402,40.0848847,116.5782722
Txy_D3_Z6,420,40.0840448,116.5784132,Gate_01_814,403,40.0849586,116.5788784
Txy_D3_Z6,420,40.0840448,116.5784132,Gate_01_813,404,40.0850331,116.5795463
Txy_D4_Z6,419,40.0843363,116.5814479,Gate_01_812,405,40.0850885,116.5802276
Txy_D4_Z6,419,40.0843363,116.5814479,Gate_01_811,406,40.0853868,116.5823352
Txy_D5_Z6,418,40.0846441,116.5847526,Gate_01_810,407,40.0854915,116.5832096
Txy_D5_Z6,418,40.0846441,116.5847526,Gate_01_809,408,40.0855593,116.5840894
Txy_D5_Z6,418,40.0846441,116.5847526,Gate_01_808,409,40.0856167,116.5849557
Txy_D5_Z6,418,40.0846441,116.5847526,Gate_01_807,410,40.085744,116.5859977
Txy_D6_Z6,417,40.0849601,116.5882775,Gate_01_806,411,40.0857173,116.5867782
Txy_D6_Z6,417,40.0849601,116.5882775,Gate_01_805,412,40.0857686,116.5874756
Txy_D6_Z6,417,40.0849601,116.5882775,Gate_01_804,413,40.0858322,116.5881434
Txy_D6_Z6,417,40.0849601,116.5882775,Gate_01_803,414,40.0858589,116.5888274
Txy_D6_Z6,417,40.0849601,116.5882775,Gate_01_802,415,40.0859451,116.5894899
Txy_Z6_Z3,52,40.0852169,116.5912898,Gate_01_801,416,40.0859759,116.5901551
Txy_P0_C,421,40.0733601,116.5763182,Txy_Z2_004,60,40.0733807,116.5782723
Txy_P0_C,421,40.0733601,116.5763182,Txy_P1_C,422,40.075626,116.5760177
Txy_C3_C,426,40.08291,116.5748534,Txy_P3_C,425,40.0816259,116.5750871
Txy_P3_C3,424,40.082849,116.5738211,Txy_P3_C,425,40.0816259,116.5750871
Txy_P3_C3,424,40.082849,116.5738211,Txy_C3_C,426,40.08291,116.5748534
Txy_Z6_C,427,40.0841741,116.574671,Txy_C3_C,426,40.08291,116.5748534
Txy_Z6_C,427,40.0841741,116.574671,Txy_P4_C,430,40.0857143,116.5744135
Txy_P4_C,430,40.0857143,116.5744135,Txy_P4_C4,428,40.0868881,116.5733621
Txy_P4_C4,428,40.0868881,116.5733621,Txy_C4_C,429,40.0869046,116.5742096
Txy_C4_C,429,40.0869046,116.5742096,Txy_P4_C,430,40.0857143,116.5744135
Txy_C4_C,429,40.0869046,116.5742096,Txy_C_001,438,40.0882938,116.574107
Txy_C_001,438,40.0882938,116.574107,Txy_C5_C,432,40.0890141,116.5739307
Txy_P5_C5,433,40.0889484,116.5731153,Txy_C5_C,432,40.0890141,116.5739307
Txy_P5_C5,433,40.0889484,116.5731153,Txy_P5_C,431,40.0902206,116.5736732
Txy_P5_C,431,40.0902206,116.5736732,Txy_C5_C,432,40.0890141,116.5739307
Txy_P5_C,431,40.0902206,116.5736732,Txy_P6_C,434,40.0934709,116.5731797
Txy_P6_C,434,40.0934709,116.5731797,Txy_P7_C,435,40.0969754,116.5726478
Txy_P7_C,435,40.0969754,116.5726478,Txy_P8_C,436,40.1003074,116.5721436
Txy_P8_C,436,40.1003074,116.5721436,Txy_P9_C,437,40.1016615,116.571693
Rwy_01_001,460,40.0737703,116.5741283,Rwy_01_002,461,40.0754451,116.5738601
Rwy_01_003,462,40.0805841,116.573034,Rwy_01_002,461,40.0754451,116.5738601
Rwy_01_003,462,40.0805841,116.573034,Rwy_01_004,463,40.0846967,116.5723795
Rwy_01_004,463,40.0846967,116.5723795,Rwy_01_005,464,40.0866586,116.5720899
Rwy_01_005,464,40.0866586,116.5720899,Rwy_01_006,465,40.0889815,116.5717143
Rwy_01_006,465,40.0889815,116.5717143,Rwy_01_007,466,40.0913618,116.5713496
Rwy_01_007,466,40.0913618,116.5713496,Rwy_01_008,467,40.0943411,116.5708775
Rwy_01_009,468,40.1000464,116.5699548,Rwy_01_008,467,40.0943411,116.5708775
Rwy_01_010,469,40.1018683,116.5696973,Rwy_01_009,468,40.1000464,116.5699548
Rwy_02_001,470,40.0557736,116.6000787,Rwy_02_002,471,40.0562089,116.5999821
Rwy_02_003,472,40.0570383,116.599907,Rwy_02_002,471,40.0562089,116.5999821
Rwy_02_003,472,40.0570383,116.599907,Rwy_02_004,473,40.0588613,116.5995959
Rwy_02_005,474,40.0614397,116.5991882,Rwy_02_004,473,40.0588613,116.5995959
Rwy_02_006,475,40.0622937,116.599038,Rwy_02_005,474,40.0614397,116.5991882
Rwy_02_007,476,40.067327,116.5982333,Rwy_02_006,475,40.0622937,116.599038
Rwy_02_008,477,40.0701104,116.5978149,Rwy_02_007,476,40.067327,116.5982333
Rwy_02_008,477,40.0701104,116.5978149,Rwy_02_009,478,40.0723846,116.5974608
Rwy_02_010,479,40.07557,116.5970639,Rwy_02_009,478,40.0723846,116.5974608
Rwy_02_011,480,40.0787306,116.5964738,Rwy_02_010,479,40.07557,116.5970639
Rwy_02_011,480,40.0787306,116.5964738,Rwy_02_012,481,40.084009,116.5956369
Rwy_02_012,481,40.084009,116.5956369,Rwy_02_013,482,40.0848463,116.5955726
Rwy_02_013,482,40.0848463,116.5955726,Rwy_02_014,483,40.0859908,116.5953396
Rwy_02_014,483,40.0859908,116.5953396,Rwy_02_015,484,40.0884943,116.5949533
Rwy_02_015,484,40.0884943,116.5949533,Rwy_02_016,485,40.089192,116.5948568
Rwy_03_001,486,40.0594362,116.6175105,Rwy_03_002,487,40.0696428,116.6159152
Rwy_03_003,488,40.0732687,116.615368,Rwy_03_002,487,40.0696428,116.6159152
Rwy_03_004,489,40.0781873,116.6145862,Rwy_03_003,488,40.0732687,116.615368
Rwy_03_004,489,40.0781873,116.6145862,Rwy_03_005,490,40.0821769,116.6139639
Rwy_03_005,490,40.0821769,116.6139639,Rwy_03_006,491,40.0903758,116.6126529
Rwy_03_007,492,40.0921815,116.6124061,Rwy_03_006,491,40.0903758,116.6126529
Txy_D8_S5,445,40.0899191,116.5838885,Txy_Z3_S5,371,40.0904842,116.5899223
Txy_Z3_S5,371,40.0904842,116.5899223,Txy_Z3_S4,370,40.0897701,116.590051
Txy_D8_S4,446,40.0892132,116.584028,Txy_Z3_S4,370,40.0897701,116.590051
Txy_D8_S4,446,40.0892132,116.584028,Txy_D8_S5,445,40.0899191,116.5838885
Txy_D4_S5,440,40.0896236,116.5806591,Txy_D8_S5,445,40.0899191,116.5838885
Txy_D8_S4,446,40.0892132,116.584028,Txy_D4_S4,439,40.0889177,116.5807879
Txy_D4_S5,440,40.0896236,116.5806591,Txy_D4_S4,439,40.0889177,116.5807879
Txy_D4_S5,440,40.0896236,116.5806591,Txy_D7_S5,443,40.0895005,116.5795219
Txy_D4_S4,439,40.0889177,116.5807879,Txy_D7_S4,444,40.0887946,116.5796828
Txy_D7_S5,443,40.0895005,116.5795219,Txy_D7_S4,444,40.0887946,116.5796828
Txy_C_001,438,40.0882938,116.574107,Txy_S4_D2,442,40.0883842,116.5749621
Txy_S5_D2,441,40.0890819,116.5748334,Txy_S4_D2,442,40.0883842,116.5749621
Txy_C5_C,432,40.0890141,116.5739307,Txy_S5_D2,441,40.0890819,116.5748334
Txy_S5_D2,441,40.0890819,116.5748334,Txy_D7_S5,443,40.0895005,116.5795219
Txy_S4_D2,442,40.0883842,116.5749621,Txy_D7_S4,444,40.0887946,116.5796828
Txy_D4_S4,439,40.0889177,116.5807879,Txy_D4_Z6,419,40.0843363,116.5814479
Txy_P2_C2,494,40.0788181,116.5747301,Txy_P2_C,423,40.0776701,116.5756744
Txy_C2_C,493,40.0788017,116.5754918,Txy_P2_C,423,40.0776701,116.5756744
Txy_P2_C2,494,40.0788181,116.5747301,Txy_C2_C,493,40.0788017,116.5754918
Txy_P3_C,425,40.0816259,116.5750871,Txy_C2_C,493,40.0788017,116.5754918
Txy_Z6_C,427,40.0841741,116.574671,Txy_D3_Z6,420,40.0840448,116.5784132
Txy_C3_C,426,40.08291,116.5748534,Txy_D3_M,401,40.0832658,116.5785847
Txy_P3_C,425,40.0816259,116.5750871,Txy_D1_Z4,495,40.081559,116.576107
Txy_D1_Z4,495,40.081559,116.576107,Txy_Z4_D3,394,40.082086,116.5788403
Txy_C2_C,493,40.0788017,116.5754918,Txy_C2_D1,496,40.0789238,116.5764396
Txy_D1_Z4,495,40.081559,116.576107,Txy_C2_D1,496,40.0789238,116.5764396
Txy_C2_C,493,40.0788017,116.5754918,Txy_C1_C,497,40.076617,116.575871
Txy_C1_C,497,40.076617,116.575871,Txy_Z7_D1,453,40.0766838,116.5767937
Txy_C2_D1,496,40.0789238,116.5764396,Txy_Z7_D1,453,40.0766838,116.5767937
Txy_C1_C,497,40.076617,116.575871,Txy_P1_C,422,40.075626,116.5760177
Txy_Z7_D1,453,40.0766838,116.5767937,Txy_Z7_002,459,40.0760634,116.5778397
Txy_Z7_001,458,40.0747294,116.5780489,Txy_Z7_002,459,40.0760634,116.5778397
Txy_Z7_001,458,40.0747294,116.5780489,Txy_Z2_004,60,40.0733807,116.5782723
Txy_C2_D1,496,40.0789238,116.5764396,Gate_01_201,448,40.0798103,116.5775807
Txy_C2_D1,496,40.0789238,116.5764396,Gate_01_202,447,40.0793568,116.577635
Txy_C2_D1,496,40.0789238,116.5764396,Gate_01_203,449,40.078849,116.5778344
Txy_C2_D1,496,40.0789238,116.5764396,Gate_01_204,450,40.0783175,116.5778773
Txy_Z7_D1,453,40.0766838,116.5767937,Gate_01_205,451,40.0777285,116.5780087
Txy_Z7_D1,453,40.0766838,116.5767937,Gate_01_206,452,40.0772215,116.5781348
Txy_Z7_002,459,40.0760634,116.5778397,Gate_01_207,457,40.0765328,116.5790791
Txy_Z7_002,459,40.0760634,116.5778397,Gate_01_208,456,40.0758699,116.5791434
Txy_Z7_001,458,40.0747294,116.5780489,Gate_01_210,454,40.0745194,116.5793929
Txy_Z7_001,458,40.0747294,116.5780489,Gate_01_209,455,40.0751967,116.5793044
Rwy_01_001,460,40.0737703,116.5741283,Txy_P0_C,421,40.0733601,116.5763182
Rwy_01_002,461,40.0754451,116.5738601,Txy_P1_C,422,40.075626,116.5760177
Rwy_01_003,462,40.0805841,116.573034,Txy_P2_C2,494,40.0788181,116.5747301
Rwy_01_004,463,40.0846967,116.5723795,Txy_P3_C3,424,40.082849,116.5738211
Rwy_01_006,465,40.0889815,116.5717143,Txy_P4_C4,428,40.0868881,116.5733621
Rwy_01_005,464,40.0866586,116.5720899,Txy_P5_C5,433,40.0889484,116.5731153
Rwy_01_007,466,40.0913618,116.5713496,Txy_P6_C,434,40.0934709,116.5731797
Rwy_01_008,467,40.0943411,116.5708775,Txy_P7_C,435,40.0969754,116.5726478
Rwy_01_009,468,40.1000464,116.5699548,Txy_P8_C,436,40.1003074,116.5721436
Rwy_01_010,469,40.1018683,116.5696973,Txy_P9_C,437,40.1016615,116.571693
Txy_Q1_K,275,40.0593385,116.6151639,Rwy_03_001,486,40.0594362,116.6175105
Txy_Q0_K,274,40.0584311,116.6153034,Rwy_03_001,486,40.0594362,116.6175105
Txy_Q2_K,276,40.0665333,116.6140266,Rwy_03_002,487,40.0696428,116.6159152
Txy_Q3_K,277,40.070651,116.6134258,Rwy_03_003,488,40.0732687,116.615368
Txy_Q5_K,278,40.0755769,116.6126533,Rwy_03_003,488,40.0732687,116.615368
Txy_Q5_K,278,40.0755769,116.6126533,Rwy_03_004,489,40.0781873,116.6145862
Txy_Q6_K,279,40.080897,116.6117634,Rwy_03_004,489,40.0781873,116.6145862
Txy_Q7_K,283,40.0852546,116.6111249,Rwy_03_005,490,40.0821769,116.6139639
Txy_Q8_K,284,40.0901549,116.6103202,Rwy_03_006,491,40.0903758,116.6126529
Txy_Q9_K,285,40.0919524,116.610052,Rwy_03_007,492,40.0921815,116.6124061
Txy_U2_K,286,40.0928552,116.6099232,Rwy_03_007,492,40.0921815,116.6124061
Rwy_02_016,485,40.089192,116.5948568,Txy_H4_G,329,40.089853,116.5970994
Rwy_02_015,484,40.0884943,116.5949533,Txy_H5_G,328,40.0889419,116.5972496
Rwy_02_013,482,40.0848463,116.5955726,Txy_H6_G,327,40.0850676,116.597829
Rwy_02_012,481,40.084009,116.5956369,Txy_H7_G,326,40.0842385,116.5979685
Rwy_02_010,479,40.07557,116.5970639,Txy_G7_G,322,40.0781392,116.5989233
Rwy_02_010,479,40.07557,116.5970639,Txy_G_G4,318,40.0730567,116.599726
Rwy_02_008,477,40.0701104,116.5978149,Txy_G_G3,317,40.0721782,116.5998548
Txy_T4_G,316,40.068459,116.6004556,Rwy_02_008,477,40.0701104,116.5978149
Rwy_02_008,477,40.0701104,116.5978149,Txy_E3_G,315,40.0676051,116.6005843
Rwy_02_006,475,40.0622937,116.599038,Txy_G_T2,314,40.0625065,116.6013897
Rwy_02_005,474,40.0614397,116.5991882,Txy_G_T1,313,40.0616444,116.601497
Rwy_02_003,472,40.0570383,116.599907,Txy_E2_G,312,40.0572242,116.6022158
Rwy_02_002,471,40.0562089,116.5999821,Txy_E1_G,311,40.0563455,116.6023445
Rwy_02_001,470,40.0557736,116.6000787,Txy_E0_G,310,40.0554339,116.602484
Txy_W0_F,378,40.0546425,116.5978909,Rwy_02_001,470,40.0557736,116.6000787
Txy_W1_F,377,40.0563013,116.5976334,Rwy_02_002,471,40.0562089,116.5999821
Txy_W2_F,376,40.0586006,116.5972794,Rwy_02_004,473,40.0588613,116.5995959
Txy_A0_F,375,40.0612037,116.596818,Rwy_02_005,474,40.0614397,116.5991882
Txy_A1_F,374,40.0620823,116.5967215,Rwy_02_005,474,40.0614397,116.5991882
Txy_W3_F,373,40.0632319,116.5965927,Rwy_02_007,476,40.067327,116.5982333
Txy_W4_F,372,40.0686017,116.5957129,Rwy_02_009,478,40.0723846,116.5974608
Rwy_02_009,478,40.0723846,116.5974608,Txy_Z2_W5,359,40.0748038,116.5941418
Rwy_02_009,478,40.0723846,116.5974608,Txy_M6_F,360,40.0760681,116.5939317
Rwy_02_011,480,40.0787306,116.5964738,Txy_W6_F,362,40.0829234,116.592934
Txy_M4_F,361,40.0809779,116.5931807,Rwy_02_011,480,40.0787306,116.5964738
Txy_A8_F,363,40.0837402,116.5927408,Rwy_02_012,481,40.084009,116.5956369
Txy_A9_F,364,40.084557,116.5926496,Rwy_02_013,482,40.0848463,116.5955726
Txy_W7_F,365,40.085702,116.592478,Rwy_02_014,483,40.0859908,116.5953396
Txy_W8_F,366,40.0880913,116.592099,Rwy_02_015,484,40.0884943,116.5949533
Txy_W9_D9,368,40.089803,116.5923041,Rwy_02_016,485,40.089192,116.5948568
